<keymap version="1" name="macOS copy" parent="Mac OS X 10.5+">
  <action id="MoveTabRight">
    <keyboard-shortcut first-keystroke="ctrl meta 1" />
  </action>
  <action id="NewPythonFile">
    <keyboard-shortcut first-keystroke="shift ctrl meta comma" />
  </action>
  <action id="NewPythonPackage">
    <keyboard-shortcut first-keystroke="shift ctrl meta period" />
  </action>
  <action id="Tool_External Tools_black PEP8">
    <keyboard-shortcut first-keystroke="shift ctrl meta k" />
  </action>
  <action id="Tool_External Tools_black long">
    <keyboard-shortcut first-keystroke="shift ctrl meta l" />
  </action>
  <action id="editRunConfigurations">
    <keyboard-shortcut first-keystroke="shift ctrl meta e" />
  </action>
</keymap>