<application>
  <component name="Trusted.Paths">
    <option name="TRUSTED_PROJECT_PATHS">
      <map>
        <entry key="D:\repos\StephenGemin\learn-grpc" value="true" />
        <entry key="D:\repos\StephenGemin\learn-grpc-python" value="true" />
        <entry key="D:\repos\learning\grpc" value="true" />
        <entry key="D:\repos\python\block_chain" value="true" />
      </map>
    </option>
  </component>
  <component name="Trusted.Paths.Settings">
    <option name="TRUSTED_PATHS">
      <list>
        <option value="D:\repos\python" />
        <option value="D:\repos\StephenGemin" />
        <option value="D:\repos\learning" />
      </list>
    </option>
  </component>
</application>