<application>
  <component name="DimensionService">
    <location key="find.popup.0.0.1920.1200" x="724" y="167" />
    <size key="find.popup.0.0.1920.1200" width="1075" height="949" />
  </component>
  <component name="WindowManager">
    <frame x="-8" y="32" width="1936" height="1176" extendedState="6" />
  </component>
  <component name="WindowStateApplicationService">
    <state x="740" y="326" key="FileChooserDialogImpl" timestamp="1733979869160">
      <screen x="0" y="40" width="1920" height="1160" />
    </state>
    <state x="740" y="326" key="FileChooserDialogImpl/1920.157.1536.832/0.40.1920.1160" timestamp="1733979869160" />
    <state x="960" y="579" width="1000" height="916" key="WELCOME_SCREEN" timestamp="1733979756229">
      <screen x="0" y="40" width="1920" height="1160" />
    </state>
    <state x="768" y="423" width="800" height="650" key="WELCOME_SCREEN/0.40.1536.824" timestamp="1732938004922" />
    <state x="960" y="579" width="1000" height="916" key="WELCOME_SCREEN/1920.157.1536.832/0.40.1920.1160" timestamp="1733979756229" />
    <state x="535" y="493" key="ide.config.custom.settings" timestamp="1733979835724">
      <screen x="0" y="40" width="1920" height="1160" />
    </state>
    <state x="535" y="493" key="ide.config.custom.settings/1920.157.1536.832/0.40.1920.1160" timestamp="1733979835724" />
  </component>
</application>