<keymap version="1" name="Windows copy" parent="$default">
  <action id="DebugClass">
    <keyboard-shortcut first-keystroke="shift ctrl f9" />
  </action>
  <action id="FileChooser.NewFile">
    <keyboard-shortcut first-keystroke="shift ctrl alt slash" />
  </action>
  <action id="MaintenanceAction" />
  <action id="NewPythonFile">
    <keyboard-shortcut first-keystroke="shift ctrl alt comma" />
  </action>
  <action id="NewPythonPackage">
    <keyboard-shortcut first-keystroke="shift ctrl alt period" />
  </action>
  <action id="TextSearchAction" />
  <action id="editRunConfigurations">
    <keyboard-shortcut first-keystroke="shift ctrl alt e" />
  </action>
</keymap>