<application>
  <component name="FileTypeManager" version="19">
    <ignoreFiles list="*$py.class;*.pyc;*.pyo;*.rbc;*.yarb;*~;.DS_Store;.git;.hg;.mypy_cache;.pytest_cache;.ruff_cache;.svn;CVS;__pycache__;_svn;vssver.scc;vssver2.scc" />
    <extensionMap>
      <mapping pattern="LICENSE" type="AUTO_DETECTED" />
      <mapping ext="so" type="C++" />
      <mapping ext="cache" type="PLAIN_TEXT" />
      <mapping ext="mobileconfig" type="PLAIN_TEXT" />
      <mapping pattern=".slashrc" type="Python" />
      <mapping ext="pyd" type="PythonStub" />
      <mapping ext="so" type="C++" />
    </extensionMap>
  </component>
</application>