<application>
  <component name="GeneralSettings">
    <option name="showTipsOnStartup" value="false" />
    <option name="confirmExit" value="false" />
    <option name="confirmOpenNewProject2" value="-1" />
  </component>
  <component name="Registry">
    <entry key="ide.mac.transparentTitleBarAppearance" value="true" />
    <entry key="i18n.locale" value="" />
    <entry key="moved.to.new.ui" value="true" />
    <entry key="ide.experimental.ui" value="true" />
  </component>
  <component name="StatusBar">
    <option name="widgets">
      <map>
        <entry key="Memory" value="true" />
        <entry key="PowerSaveMode" value="true" />
      </map>
    </option>
  </component>
</application>