<application>
  <component name="ProjectManager">
    <defaultProject>
      <component name="PropertiesComponent"><![CDATA[{
  "keyToString": {
    "settings.editor.selected.configurable": "editor.preferences.import"
  }
}]]></component>
      <component name="VcsDirectoryMappings" defaultProject="true" />
      <component name="WindowStateProjectService">
        <state x="461" y="208" key="SettingsEditor" timestamp="1733979848499">
          <screen x="0" y="40" width="1920" height="1160" />
        </state>
        <state x="461" y="208" key="SettingsEditor/1920.157.1536.832/0.40.1920.1160" timestamp="1733979848499" />
      </component>
    </defaultProject>
  </component>
</application>