<application>
  <component name="DimensionService">
    <location key="find.popup.0.0.1920.1200" x="724" y="167" />
    <size key="find.popup.0.0.1920.1200" width="1075" height="949" />
    <size key="GridCell.Tab.0.left.0.0.1920.1200" width="1832" height="529" />
    <size key="GridCell.Tab.0.center.0.0.1920.1200" width="1832" height="529" />
    <size key="GridCell.Tab.0.right.0.0.1920.1200" width="1832" height="529" />
    <size key="GridCell.Tab.0.bottom.0.0.1920.1200" width="1832" height="529" />
    <size key="GridCell.Tab.1.left.0.0.1920.1200" width="1832" height="529" />
    <size key="GridCell.Tab.1.center.0.0.1920.1200" width="1832" height="529" />
    <size key="GridCell.Tab.1.right.0.0.1920.1200" width="1832" height="529" />
    <size key="GridCell.Tab.1.bottom.0.0.1920.1200" width="1832" height="529" />
  </component>
  <component name="WindowManager">
    <frame x="-8" y="32" width="1936" height="1176" extendedState="6" />
  </component>
  <component name="WindowStateApplicationService">
    <state x="740" y="326" key="FileChooserDialogImpl" timestamp="1733979869160">
      <screen x="0" y="40" width="1920" height="1160" />
    </state>
    <state x="740" y="326" key="FileChooserDialogImpl/1920.157.1536.832/0.40.1920.1160" timestamp="1733979869160" />
    <state width="390" height="103" key="ShowUsagesActions.dimensionServiceKey" timestamp="1734238196275">
      <screen x="0" y="40" width="1920" height="1160" />
    </state>
    <state width="390" height="103" key="ShowUsagesActions.dimensionServiceKey/1920.157.1536.832/0.40.1920.1160" timestamp="1734238196275" />
    <state x="960" y="579" width="1000" height="916" key="WELCOME_SCREEN" timestamp="1734325490214">
      <screen x="0" y="40" width="1920" height="1160" />
    </state>
    <state x="768" y="423" width="800" height="650" key="WELCOME_SCREEN/0.40.1536.824" timestamp="1732938004922" />
    <state x="960" y="579" width="1000" height="916" key="WELCOME_SCREEN/1920.157.1536.832/0.40.1920.1160" timestamp="1734325490214" />
    <state x="535" y="493" key="ide.config.custom.settings" timestamp="1733979835724">
      <screen x="0" y="40" width="1920" height="1160" />
    </state>
    <state x="535" y="493" key="ide.config.custom.settings/1920.157.1536.832/0.40.1920.1160" timestamp="1733979835724" />
    <state width="300" height="524" key="manage.recent.projects.popup" timestamp="1734209997878">
      <screen x="0" y="40" width="1920" height="1160" />
    </state>
    <state width="300" height="524" key="manage.recent.projects.popup/1920.157.1536.832/0.40.1920.1160" timestamp="1734209997878" />
  </component>
</application>