<profile version="1.0">
  <option name="myName" value="Default" />
  <inspection_tool class="PyPackageRequirementsInspection" enabled="true" level="WARNING" enabled_by_default="true">
    <option name="ignoredPackages">
      <value>
        <list size="328">
          <item index="0" class="java.lang.String" itemvalue="setuptools_scm" />
          <item index="1" class="java.lang.String" itemvalue="phx-ui-navigation" />
          <item index="2" class="java.lang.String" itemvalue="vndb" />
          <item index="3" class="java.lang.String" itemvalue="phx-ui-settings" />
          <item index="4" class="java.lang.String" itemvalue="netn-lib" />
          <item index="5" class="java.lang.String" itemvalue="vhat-api-lib" />
          <item index="6" class="java.lang.String" itemvalue="huggingface-hub" />
          <item index="7" class="java.lang.String" itemvalue="phx-ui-base" />
          <item index="8" class="java.lang.String" itemvalue="projection-lib" />
          <item index="9" class="java.lang.String" itemvalue="phx-pm-lib" />
          <item index="10" class="java.lang.String" itemvalue="pg8000" />
          <item index="11" class="java.lang.String" itemvalue="transitions" />
          <item index="12" class="java.lang.String" itemvalue="pylzss" />
          <item index="13" class="java.lang.String" itemvalue="markdown-it-py" />
          <item index="14" class="java.lang.String" itemvalue="mkl" />
          <item index="15" class="java.lang.String" itemvalue="fsspec" />
          <item index="16" class="java.lang.String" itemvalue="trio" />
          <item index="17" class="java.lang.String" itemvalue="diagnostics-lib" />
          <item index="18" class="java.lang.String" itemvalue="filelock" />
          <item index="19" class="java.lang.String" itemvalue="testrail" />
          <item index="20" class="java.lang.String" itemvalue="lxml" />
          <item index="21" class="java.lang.String" itemvalue="pyreadline3" />
          <item index="22" class="java.lang.String" itemvalue="comtypes" />
          <item index="23" class="java.lang.String" itemvalue="pyqt5-qt5" />
          <item index="24" class="java.lang.String" itemvalue="torchaudio" />
          <item index="25" class="java.lang.String" itemvalue="ruamel-yaml-clib" />
          <item index="26" class="java.lang.String" itemvalue="sync-can-utilities" />
          <item index="27" class="java.lang.String" itemvalue="phx-test-media" />
          <item index="28" class="java.lang.String" itemvalue="transformers" />
          <item index="29" class="java.lang.String" itemvalue="ansicon" />
          <item index="30" class="java.lang.String" itemvalue="wavio" />
          <item index="31" class="java.lang.String" itemvalue="cryptography" />
          <item index="32" class="java.lang.String" itemvalue="orjson" />
          <item index="33" class="java.lang.String" itemvalue="typing-extensions" />
          <item index="34" class="java.lang.String" itemvalue="pycrashreport" />
          <item index="35" class="java.lang.String" itemvalue="backports-tarfile" />
          <item index="36" class="java.lang.String" itemvalue="jaraco-classes" />
          <item index="37" class="java.lang.String" itemvalue="sqlalchemy" />
          <item index="38" class="java.lang.String" itemvalue="bcrypt" />
          <item index="39" class="java.lang.String" itemvalue="pymobiledevice3" />
          <item index="40" class="java.lang.String" itemvalue="tat-slash" />
          <item index="41" class="java.lang.String" itemvalue="jinja2" />
          <item index="42" class="java.lang.String" itemvalue="regex" />
          <item index="43" class="java.lang.String" itemvalue="platformdirs" />
          <item index="44" class="java.lang.String" itemvalue="tbb" />
          <item index="45" class="java.lang.String" itemvalue="matplotlib" />
          <item index="46" class="java.lang.String" itemvalue="virtualenv" />
          <item index="47" class="java.lang.String" itemvalue="twilio" />
          <item index="48" class="java.lang.String" itemvalue="readchar" />
          <item index="49" class="java.lang.String" itemvalue="shellingham" />
          <item index="50" class="java.lang.String" itemvalue="lzfse" />
          <item index="51" class="java.lang.String" itemvalue="jaraco-functools" />
          <item index="52" class="java.lang.String" itemvalue="vsa" />
          <item index="53" class="java.lang.String" itemvalue="python-can-middleware" />
          <item index="54" class="java.lang.String" itemvalue="pytun-pmd3" />
          <item index="55" class="java.lang.String" itemvalue="requests" />
          <item index="56" class="java.lang.String" itemvalue="tat-relay-lib" />
          <item index="57" class="java.lang.String" itemvalue="plumbum" />
          <item index="58" class="java.lang.String" itemvalue="speechrecognition" />
          <item index="59" class="java.lang.String" itemvalue="pyartifactory" />
          <item index="60" class="java.lang.String" itemvalue="selenium" />
          <item index="61" class="java.lang.String" itemvalue="zipp" />
          <item index="62" class="java.lang.String" itemvalue="mdurl" />
          <item index="63" class="java.lang.String" itemvalue="pywin32-ctypes" />
          <item index="64" class="java.lang.String" itemvalue="tcu-lib" />
          <item index="65" class="java.lang.String" itemvalue="tenacity" />
          <item index="66" class="java.lang.String" itemvalue="phx-ui-test-settings" />
          <item index="67" class="java.lang.String" itemvalue="test-lib" />
          <item index="68" class="java.lang.String" itemvalue="pygments" />
          <item index="69" class="java.lang.String" itemvalue="coverage" />
          <item index="70" class="java.lang.String" itemvalue="annotated-types" />
          <item index="71" class="java.lang.String" itemvalue="pyproject-hooks" />
          <item index="72" class="java.lang.String" itemvalue="fastapi-cli" />
          <item index="73" class="java.lang.String" itemvalue="typer" />
          <item index="74" class="java.lang.String" itemvalue="phx-test-base" />
          <item index="75" class="java.lang.String" itemvalue="pytest" />
          <item index="76" class="java.lang.String" itemvalue="vosk" />
          <item index="77" class="java.lang.String" itemvalue="intel-openmp" />
          <item index="78" class="java.lang.String" itemvalue="jaraco-context" />
          <item index="79" class="java.lang.String" itemvalue="rich" />
          <item index="80" class="java.lang.String" itemvalue="torch" />
          <item index="81" class="java.lang.String" itemvalue="tqdm" />
          <item index="82" class="java.lang.String" itemvalue="cloud-sql-python-connector" />
          <item index="83" class="java.lang.String" itemvalue="fastapi" />
          <item index="84" class="java.lang.String" itemvalue="pyzstd" />
          <item index="85" class="java.lang.String" itemvalue="jinxed" />
          <item index="86" class="java.lang.String" itemvalue="faker" />
          <item index="87" class="java.lang.String" itemvalue="ruamel-yaml" />
          <item index="88" class="java.lang.String" itemvalue="grpcio" />
          <item index="89" class="java.lang.String" itemvalue="swum-cloud-interface" />
          <item index="90" class="java.lang.String" itemvalue="keyring" />
          <item index="91" class="java.lang.String" itemvalue="qh3" />
          <item index="92" class="java.lang.String" itemvalue="ujson" />
          <item index="93" class="java.lang.String" itemvalue="common_lib" />
          <item index="94" class="java.lang.String" itemvalue="numba" />
          <item index="95" class="java.lang.String" itemvalue="tzlocal" />
          <item index="96" class="java.lang.String" itemvalue="scikit-learn" />
          <item index="97" class="java.lang.String" itemvalue="strsimpy" />
          <item index="98" class="java.lang.String" itemvalue="gitdb" />
          <item index="99" class="java.lang.String" itemvalue="markupsafe" />
          <item index="100" class="java.lang.String" itemvalue="sync-image-utilities" />
          <item index="101" class="java.lang.String" itemvalue="pycryptodomex" />
          <item index="102" class="java.lang.String" itemvalue="starlette" />
          <item index="103" class="java.lang.String" itemvalue="gitpython" />
          <item index="104" class="java.lang.String" itemvalue="xonsh" />
          <item index="105" class="java.lang.String" itemvalue="sync-logging-lib" />
          <item index="106" class="java.lang.String" itemvalue="sync-test-config" />
          <item index="107" class="java.lang.String" itemvalue="contourpy" />
          <item index="108" class="java.lang.String" itemvalue="phx-ui-phone" />
          <item index="109" class="java.lang.String" itemvalue="pyyaml" />
          <item index="110" class="java.lang.String" itemvalue="av" />
          <item index="111" class="java.lang.String" itemvalue="pygithub" />
          <item index="112" class="java.lang.String" itemvalue="httpcore" />
          <item index="113" class="java.lang.String" itemvalue="idna" />
          <item index="114" class="java.lang.String" itemvalue="phx-test-projection" />
          <item index="115" class="java.lang.String" itemvalue="google-cloud-bigquery" />
          <item index="116" class="java.lang.String" itemvalue="rsa" />
          <item index="117" class="java.lang.String" itemvalue="networkx" />
          <item index="118" class="java.lang.String" itemvalue="smmap" />
          <item index="119" class="java.lang.String" itemvalue="pluggy" />
          <item index="120" class="java.lang.String" itemvalue="cffi" />
          <item index="121" class="java.lang.String" itemvalue="pyttsx3" />
          <item index="122" class="java.lang.String" itemvalue="numpy" />
          <item index="123" class="java.lang.String" itemvalue="exceptiongroup" />
          <item index="124" class="java.lang.String" itemvalue="multivolumefile" />
          <item index="125" class="java.lang.String" itemvalue="grpcio-status" />
          <item index="126" class="java.lang.String" itemvalue="prompt-toolkit" />
          <item index="127" class="java.lang.String" itemvalue="tts-tools" />
          <item index="128" class="java.lang.String" itemvalue="soxr" />
          <item index="129" class="java.lang.String" itemvalue="glob2" />
          <item index="130" class="java.lang.String" itemvalue="sync-lib" />
          <item index="131" class="java.lang.String" itemvalue="aiofiles" />
          <item index="132" class="java.lang.String" itemvalue="openai-whisper" />
          <item index="133" class="java.lang.String" itemvalue="pathlib2" />
          <item index="134" class="java.lang.String" itemvalue="importlib-resources" />
          <item index="135" class="java.lang.String" itemvalue="multidict" />
          <item index="136" class="java.lang.String" itemvalue="phx-test-ambience" />
          <item index="137" class="java.lang.String" itemvalue="agilent" />
          <item index="138" class="java.lang.String" itemvalue="docstring-parser" />
          <item index="139" class="java.lang.String" itemvalue="pytz" />
          <item index="140" class="java.lang.String" itemvalue="pyjwt" />
          <item index="141" class="java.lang.String" itemvalue="traitlets" />
          <item index="142" class="java.lang.String" itemvalue="protobuf" />
          <item index="143" class="java.lang.String" itemvalue="shapely" />
          <item index="144" class="java.lang.String" itemvalue="joblib" />
          <item index="145" class="java.lang.String" itemvalue="phx-ui-voice" />
          <item index="146" class="java.lang.String" itemvalue="pydantic-core" />
          <item index="147" class="java.lang.String" itemvalue="python-ecd" />
          <item index="148" class="java.lang.String" itemvalue="arduino-switch" />
          <item index="149" class="java.lang.String" itemvalue="oauthlib" />
          <item index="150" class="java.lang.String" itemvalue="espm-lib" />
          <item index="151" class="java.lang.String" itemvalue="pyparsing" />
          <item index="152" class="java.lang.String" itemvalue="cma-can-lib" />
          <item index="153" class="java.lang.String" itemvalue="google-api-core" />
          <item index="154" class="java.lang.String" itemvalue="tokenizers" />
          <item index="155" class="java.lang.String" itemvalue="pytest-unordered" />
          <item index="156" class="java.lang.String" itemvalue="tideviceford" />
          <item index="157" class="java.lang.String" itemvalue="aiohappyeyeballs" />
          <item index="158" class="java.lang.String" itemvalue="librosa" />
          <item index="159" class="java.lang.String" itemvalue="cfgv" />
          <item index="160" class="java.lang.String" itemvalue="mobly" />
          <item index="161" class="java.lang.String" itemvalue="pbr" />
          <item index="162" class="java.lang.String" itemvalue="matplotlib-inline" />
          <item index="163" class="java.lang.String" itemvalue="python-can" />
          <item index="164" class="java.lang.String" itemvalue="mypy-extensions" />
          <item index="165" class="java.lang.String" itemvalue="llvmlite" />
          <item index="166" class="java.lang.String" itemvalue="case-insensitive-dictionary" />
          <item index="167" class="java.lang.String" itemvalue="grpc-google-iam-v1" />
          <item index="168" class="java.lang.String" itemvalue="google-resumable-media" />
          <item index="169" class="java.lang.String" itemvalue="phx-ui-lighting" />
          <item index="170" class="java.lang.String" itemvalue="sounddevice" />
          <item index="171" class="java.lang.String" itemvalue="vhat-client-lib" />
          <item index="172" class="java.lang.String" itemvalue="anomaly-detector" />
          <item index="173" class="java.lang.String" itemvalue="pytest-cov" />
          <item index="174" class="java.lang.String" itemvalue="sync-common-utils" />
          <item index="175" class="java.lang.String" itemvalue="pyppmd" />
          <item index="176" class="java.lang.String" itemvalue="doip" />
          <item index="177" class="java.lang.String" itemvalue="slash-step" />
          <item index="178" class="java.lang.String" itemvalue="pydantic-settings" />
          <item index="179" class="java.lang.String" itemvalue="inquirer3" />
          <item index="180" class="java.lang.String" itemvalue="pydantic-extra-types" />
          <item index="181" class="java.lang.String" itemvalue="identify" />
          <item index="182" class="java.lang.String" itemvalue="asn1crypto" />
          <item index="183" class="java.lang.String" itemvalue="parso" />
          <item index="184" class="java.lang.String" itemvalue="python-jenkins" />
          <item index="185" class="java.lang.String" itemvalue="ffmpeg-python" />
          <item index="186" class="java.lang.String" itemvalue="packaging" />
          <item index="187" class="java.lang.String" itemvalue="pooch" />
          <item index="188" class="java.lang.String" itemvalue="soundfile" />
          <item index="189" class="java.lang.String" itemvalue="validation-decorators" />
          <item index="190" class="java.lang.String" itemvalue="aiohttp" />
          <item index="191" class="java.lang.String" itemvalue="phx-wlan-test-lib" />
          <item index="192" class="java.lang.String" itemvalue="phx-ui-ambience" />
          <item index="193" class="java.lang.String" itemvalue="httpx" />
          <item index="194" class="java.lang.String" itemvalue="phx-ui-messenger" />
          <item index="195" class="java.lang.String" itemvalue="libtmux" />
          <item index="196" class="java.lang.String" itemvalue="adb-lib" />
          <item index="197" class="java.lang.String" itemvalue="construct" />
          <item index="198" class="java.lang.String" itemvalue="pycparser" />
          <item index="199" class="java.lang.String" itemvalue="pyasn1-modules" />
          <item index="200" class="java.lang.String" itemvalue="crc8-sae-j1850" />
          <item index="201" class="java.lang.String" itemvalue="alexa-common" />
          <item index="202" class="java.lang.String" itemvalue="imutils" />
          <item index="203" class="java.lang.String" itemvalue="phx-ui-climate" />
          <item index="204" class="java.lang.String" itemvalue="uvicorn" />
          <item index="205" class="java.lang.String" itemvalue="phx-test-settings" />
          <item index="206" class="java.lang.String" itemvalue="phx-ipc-resources" />
          <item index="207" class="java.lang.String" itemvalue="pytest-metadata" />
          <item index="208" class="java.lang.String" itemvalue="pydantic" />
          <item index="209" class="java.lang.String" itemvalue="audioread" />
          <item index="210" class="java.lang.String" itemvalue="pydub" />
          <item index="211" class="java.lang.String" itemvalue="common-lib" />
          <item index="212" class="java.lang.String" itemvalue="attrs" />
          <item index="213" class="java.lang.String" itemvalue="psutil" />
          <item index="214" class="java.lang.String" itemvalue="cma-encryption" />
          <item index="215" class="java.lang.String" itemvalue="pure-eval" />
          <item index="216" class="java.lang.String" itemvalue="signal-generator" />
          <item index="217" class="java.lang.String" itemvalue="portpicker" />
          <item index="218" class="java.lang.String" itemvalue="msgpack" />
          <item index="219" class="java.lang.String" itemvalue="phone-lib" />
          <item index="220" class="java.lang.String" itemvalue="phx-test-phone" />
          <item index="221" class="java.lang.String" itemvalue="remotezip" />
          <item index="222" class="java.lang.String" itemvalue="google-cloud-storage" />
          <item index="223" class="java.lang.String" itemvalue="soad" />
          <item index="224" class="java.lang.String" itemvalue="pyasn1" />
          <item index="225" class="java.lang.String" itemvalue="sniffio" />
          <item index="226" class="java.lang.String" itemvalue="websocket-client" />
          <item index="227" class="java.lang.String" itemvalue="phx-ui-test-audio" />
          <item index="228" class="java.lang.String" itemvalue="diag-key" />
          <item index="229" class="java.lang.String" itemvalue="tat-dashboardinterface" />
          <item index="230" class="java.lang.String" itemvalue="multi-key-dict" />
          <item index="231" class="java.lang.String" itemvalue="anritsu" />
          <item index="232" class="java.lang.String" itemvalue="itsdangerous" />
          <item index="233" class="java.lang.String" itemvalue="python-asam" />
          <item index="234" class="java.lang.String" itemvalue="phx-ui-pano-settings" />
          <item index="235" class="java.lang.String" itemvalue="scipy" />
          <item index="236" class="java.lang.String" itemvalue="testrail-interface" />
          <item index="237" class="java.lang.String" itemvalue="watchfiles" />
          <item index="238" class="java.lang.String" itemvalue="google-cloud-resource-manager" />
          <item index="239" class="java.lang.String" itemvalue="inflate64" />
          <item index="240" class="java.lang.String" itemvalue="tornado" />
          <item index="241" class="java.lang.String" itemvalue="aenum" />
          <item index="242" class="java.lang.String" itemvalue="py7zr" />
          <item index="243" class="java.lang.String" itemvalue="opencv-python" />
          <item index="244" class="java.lang.String" itemvalue="phone-test-lib" />
          <item index="245" class="java.lang.String" itemvalue="phx-ui-projection" />
          <item index="246" class="java.lang.String" itemvalue="python-multipart" />
          <item index="247" class="java.lang.String" itemvalue="singledispatch" />
          <item index="248" class="java.lang.String" itemvalue="ford-checksum" />
          <item index="249" class="java.lang.String" itemvalue="iso-tp" />
          <item index="250" class="java.lang.String" itemvalue="pandas" />
          <item index="251" class="java.lang.String" itemvalue="phx-test-navigation" />
          <item index="252" class="java.lang.String" itemvalue="clang" />
          <item index="253" class="java.lang.String" itemvalue="netgear" />
          <item index="254" class="java.lang.String" itemvalue="selenium-stealth" />
          <item index="255" class="java.lang.String" itemvalue="future" />
          <item index="256" class="java.lang.String" itemvalue="mpmath" />
          <item index="257" class="java.lang.String" itemvalue="rel-tools" />
          <item index="258" class="java.lang.String" itemvalue="vertexai" />
          <item index="259" class="java.lang.String" itemvalue="cachetools" />
          <item index="260" class="java.lang.String" itemvalue="phx-test-pano-widgets" />
          <item index="261" class="java.lang.String" itemvalue="phx-ui-media" />
          <item index="262" class="java.lang.String" itemvalue="ivin-lib" />
          <item index="263" class="java.lang.String" itemvalue="ford-diag-lib" />
          <item index="264" class="java.lang.String" itemvalue="vdp" />
          <item index="265" class="java.lang.String" itemvalue="phx-ui-radio" />
          <item index="266" class="java.lang.String" itemvalue="threadpoolctl" />
          <item index="267" class="java.lang.String" itemvalue="googleapis-common-protos" />
          <item index="268" class="java.lang.String" itemvalue="texttable" />
          <item index="269" class="java.lang.String" itemvalue="dohq-artifactory" />
          <item index="270" class="java.lang.String" itemvalue="python-dateutil" />
          <item index="271" class="java.lang.String" itemvalue="scramp" />
          <item index="272" class="java.lang.String" itemvalue="cycler" />
          <item index="273" class="java.lang.String" itemvalue="deepdiff" />
          <item index="274" class="java.lang.String" itemvalue="bitstruct" />
          <item index="275" class="java.lang.String" itemvalue="safetensors" />
          <item index="276" class="java.lang.String" itemvalue="certifi" />
          <item index="277" class="java.lang.String" itemvalue="anyio" />
          <item index="278" class="java.lang.String" itemvalue="phx-test-audio" />
          <item index="279" class="java.lang.String" itemvalue="sympy" />
          <item index="280" class="java.lang.String" itemvalue="email-validator" />
          <item index="281" class="java.lang.String" itemvalue="dnspython" />
          <item index="282" class="java.lang.String" itemvalue="google-crc32c" />
          <item index="283" class="java.lang.String" itemvalue="nodeenv" />
          <item index="284" class="java.lang.String" itemvalue="gprof2dot" />
          <item index="285" class="java.lang.String" itemvalue="cm-lib" />
          <item index="286" class="java.lang.String" itemvalue="kiwisolver" />
          <item index="287" class="java.lang.String" itemvalue="google-cloud-aiplatform" />
          <item index="288" class="java.lang.String" itemvalue="aos-lib" />
          <item index="289" class="java.lang.String" itemvalue="pyaudio" />
          <item index="290" class="java.lang.String" itemvalue="fonttools" />
          <item index="291" class="java.lang.String" itemvalue="click-log" />
          <item index="292" class="java.lang.String" itemvalue="rns" />
          <item index="293" class="java.lang.String" itemvalue="stt-tools" />
          <item index="294" class="java.lang.String" itemvalue="syncp" />
          <item index="295" class="java.lang.String" itemvalue="mock" />
          <item index="296" class="java.lang.String" itemvalue="pytest-html" />
          <item index="297" class="java.lang.String" itemvalue="google-cloud-core" />
          <item index="298" class="java.lang.String" itemvalue="pybcj" />
          <item index="299" class="java.lang.String" itemvalue="diagnostics-server-interface" />
          <item index="300" class="java.lang.String" itemvalue="uds" />
          <item index="301" class="java.lang.String" itemvalue="bsp-common-lib" />
          <item index="302" class="java.lang.String" itemvalue="pytimeparse" />
          <item index="303" class="java.lang.String" itemvalue="ecg-lib" />
          <item index="304" class="java.lang.String" itemvalue="more-itertools" />
          <item index="305" class="java.lang.String" itemvalue="ea-common-lib" />
          <item index="306" class="java.lang.String" itemvalue="importlib-metadata" />
          <item index="307" class="java.lang.String" itemvalue="types-python-dateutil" />
          <item index="308" class="java.lang.String" itemvalue="requests-oauthlib" />
          <item index="309" class="java.lang.String" itemvalue="xmltodict" />
          <item index="310" class="java.lang.String" itemvalue="urllib3" />
          <item index="311" class="java.lang.String" itemvalue="bytes-utilities" />
          <item index="312" class="java.lang.String" itemvalue="iosautomation" />
          <item index="313" class="java.lang.String" itemvalue="phx-test-camera" />
          <item index="314" class="java.lang.String" itemvalue="appium-python-client" />
          <item index="315" class="java.lang.String" itemvalue="pytesseract" />
          <item index="316" class="java.lang.String" itemvalue="tzdata" />
          <item index="317" class="java.lang.String" itemvalue="lazy-loader" />
          <item index="318" class="java.lang.String" itemvalue="facebook-wda" />
          <item index="319" class="java.lang.String" itemvalue="srt" />
          <item index="320" class="java.lang.String" itemvalue="proto-plus" />
          <item index="321" class="java.lang.String" itemvalue="pillow" />
          <item index="322" class="java.lang.String" itemvalue="slash" />
          <item index="323" class="java.lang.String" itemvalue="projection-test-lib" />
          <item index="324" class="java.lang.String" itemvalue="pynmea2" />
          <item index="325" class="java.lang.String" itemvalue="phx-ui-test-phone" />
          <item index="326" class="java.lang.String" itemvalue="rpyc" />
          <item index="327" class="java.lang.String" itemvalue="google-auth" />
        </list>
      </value>
    </option>
  </inspection_tool>
</profile>